{
    "128": {
        "true": {
            "val_accuracies": [
                0.3892,
                0.4074,
                0.4232,
                0.4356,
                0.4518,
                0.452,
                0.4616,
                0.4668,
                0.4678,
                0.4742
            ],
            "train_accuracies": [
                0.3476006054131054,
                0.40257745726495725,
                0.4262152777777778,
                0.4486511752136752,
                0.4666355056980057,
                0.4805466524216524,
                0.49111912393162394,
                0.5037170584045584,
                0.5152466168091168,
                0.5225249287749287
            ],
            "val_losses": [
                2.0925969004631044,
                2.068451225757599,
                2.0541415363550186,
                2.040910404920578,
                2.0273935973644255,
                2.021781659126282,
                2.011289229989052,
                2.0064600974321367,
                2.0031069844961165,
                1.9976459562778472
            ],
            "train_losses": [
                2.1408260242212194,
                2.0738085063434393,
                2.0488730438074834,
                2.02958193361929,
                2.0117636127689287,
                1.9988213407348023,
                1.987245955698171,
                1.9766747727353349,
                1.9664179015363383,
                1.9580821586809947
            ]
        },
        "false": {
            "val_accuracies": [
                0.383,
                0.4148,
                0.4256,
                0.4346,
                0.4424,
                0.4534,
                0.4542,
                0.4504,
                0.4666,
                0.4686
            ],
            "train_accuracies": [
                0.3253872863247863,
                0.40037393162393164,
                0.4312232905982906,
                0.45118856837606836,
                0.4673922720797721,
                0.4833733974358974,
                0.49559294871794873,
                0.5081018518518519,
                0.5201878561253561,
                0.5294693732193733
            ],
            "val_losses": [
                2.0868378937244416,
                2.051162999868393,
                2.0352188855409623,
                2.0270957916975023,
                2.01756831407547,
                2.0076323211193086,
                2.0091904222965242,
                2.007168447971344,
                1.9923354387283325,
                1.9877496123313905
            ],
            "train_losses": [
                2.1428467745115274,
                2.06540348251321,
                2.034716056622671,
                2.0143617931594195,
                1.9980492669972258,
                1.9839099879957671,
                1.9719659500991518,
                1.9597813026857511,
                1.9486762723352156,
                1.9394701043425122
            ]
        }
    },
    "256,128": {
        "true": {
            "val_accuracies": [
                0.4062,
                0.4434,
                0.469,
                0.488,
                0.481,
                0.4934,
                0.5008,
                0.5008,
                0.4988,
                0.4986
            ],
            "train_accuracies": [
                0.3657629985754986,
                0.4442886396011396,
                0.4828392094017094,
                0.5098157051282052,
                0.5323851495726496,
                0.5475872507122507,
                0.5637019230769231,
                0.58028400997151,
                0.5905671296296297,
                0.6060808404558404
            ],
            "val_losses": [
                2.0732999473810194,
                2.031501492857933,
                2.0016304045915603,
                1.9846103757619857,
                1.9839768886566163,
                1.978140690922737,
                1.9682261914014816,
                1.9622090280056,
                1.9629255831241608,
                1.9635943114757537
            ],
            "train_losses": [
                2.12166457502251,
                2.031786321574806,
                1.991444602651134,
                1.9652082641579827,
                1.9416487240723395,
                1.9255285585707749,
                1.9101659721798367,
                1.8938881539211654,
                1.8819224477833152,
                1.8683507500211058
            ]
        },
        "false": {
            "val_accuracies": [
                0.3238,
                0.3804,
                0.4116,
                0.4228,
                0.445,
                0.4496,
                0.4632,
                0.4752,
                0.4692,
                0.47
            ],
            "train_accuracies": [
                0.25734508547008544,
                0.35895210113960113,
                0.3973913817663818,
                0.4295094373219373,
                0.4558627136752137,
                0.4752715455840456,
                0.48978365384615385,
                0.5063434829059829,
                0.5202546296296297,
                0.5305600071225072
            ],
            "val_losses": [
                2.1388593196868895,
                2.0822774857282638,
                2.0519149988889693,
                2.0351231724023817,
                2.0190005868673326,
                2.0088791966438295,
                1.99604175388813,
                1.9884643137454987,
                1.990722319483757,
                1.986278384923935
            ],
            "train_losses": [
                2.209020597642643,
                2.1042520174613366,
                2.064237016897935,
                2.0347130451446924,
                2.0092753351923407,
                1.9895487049026708,
                1.9736468771584013,
                1.9581507746650282,
                1.9444286639873798,
                1.9345000343784648
            ]
        }
    },
    "512,256,128": {
        "true": {
            "val_accuracies": [
                0.4314,
                0.4684,
                0.4782,
                0.4848,
                0.4966,
                0.508,
                0.5184,
                0.5072,
                0.5146,
                0.5204
            ],
            "train_accuracies": [
                0.37146100427350426,
                0.4614939458689459,
                0.5007122507122507,
                0.530715811965812,
                0.5525507478632479,
                0.5718928062678063,
                0.5884081196581197,
                0.6048566595441596,
                0.6217503561253561,
                0.6340811965811965
            ],
            "val_losses": [
                2.0443973660469057,
                2.0023365885019304,
                1.9926865547895432,
                1.982206755876541,
                1.9626392096281051,
                1.952849531173706,
                1.9477885395288468,
                1.954315334558487,
                1.9449160516262054,
                1.9458645105361938
            ],
            "train_losses": [
                2.1109710381581235,
                2.012895828977949,
                1.9705376642042416,
                1.9403307665447225,
                1.9172790043714039,
                1.8977534183409819,
                1.8810487156919604,
                1.8644168084842867,
                1.8473993206975128,
                1.835207687144266
            ]
        },
        "false": {
            "val_accuracies": [
                0.244,
                0.3306,
                0.3796,
                0.3984,
                0.4132,
                0.4306,
                0.44,
                0.4484,
                0.4748,
                0.4614
            ],