{
    "128": {
        "true": {
            "val_accuracies": [
                0.3892,
                0.4074,
                0.4232,
                0.4356,
                0.4518,
                0.452,
                0.4616,
                0.4668,
                0.4678,
                0.4742,
                0.476,
                0.4728,
                0.4724,
                0.4816,
                0.4776,
                0.4886,
                0.4856,
                0.4854,
                0.4846,
                0.486
            ],
            "train_accuracies": [
                0.3476006054131054,
                0.40257745726495725,
                0.4262152777777778,
                0.4486511752136752,
                0.4666355056980057,
                0.4805466524216524,
                0.49111912393162394,
                0.5037170584045584,
                0.5152466168091168,
                0.5225249287749287,
                0.5296029202279202,
                0.5389734686609686,
                0.5476985398860399,
                0.5560897435897436,
                0.5628561253561254,
                0.5712918447293447,
                0.5767004985754985,
                0.5844684829059829,
                0.5915464743589743,
                0.5971777065527065
            ],
            "val_losses": [
                2.0925969004631044,
                2.068451225757599,
                2.0541415363550186,
                2.040910404920578,
                2.0273935973644255,
                2.021781659126282,
                2.011289229989052,
                2.0064600974321367,
                2.0031069844961165,
                1.9976459562778472,
                1.9965400695800781,
                1.9921035289764404,
                1.9946121484041215,
                1.9892515540122986,
                1.990655842423439,
                1.9804453432559967,
                1.983591541647911,
                1.9795884758234024,
                1.9793003886938094,
                1.9821283310651778
            ],
            "train_losses": [
                2.1408260242212194,
                2.0738085063434393,
                2.0488730438074834,
                2.02958193361929,
                2.0117636127689287,
                1.9988213407348023,
                1.987245955698171,
                1.9766747727353349,
                1.9664179015363383,
                1.9580821586809947,
                1.949980809477999,
                1.9424789862075762,
                1.934763390454132,
                1.9275051141396546,
                1.920854932222611,
                1.9138468717917418,
                1.9070462263547456,
                1.900076657278925,
                1.8943464959788525,
                1.8890189778091562
            ]
        },
        "false": {
            "val_accuracies": [
                0.383,
                0.4148,
                0.4256,
                0.4346,
                0.4424,
                0.4534,
                0.4542,
                0.4504,
                0.4666,
                0.4686,
                0.4676,
                0.474,
                0.4662,
                0.477,
                0.4844,
                0.4812,
                0.486,
                0.4906,
                0.4842,
                0.4906
            ],
            "train_accuracies": [
                0.3253872863247863,
                0.40037393162393164,
                0.4312232905982906,
                0.45118856837606836,
                0.4673922720797721,
                0.4833733974358974,
                0.49559294871794873,
                0.5081018518518519,
                0.5201878561253561,
                0.5294693732193733,
                0.5392850783475783,
                0.54903400997151,
                0.5586716524216524,
                0.5648593304843305,
                0.5733173076923077,
                0.5816417378917379,
                0.5882300569800569,
                0.5947293447293447,
                0.6018741096866097,
                0.6071937321937322
            ],
            "val_losses": [
                2.0868378937244416,
                2.051162999868393,
                2.0352188855409623,
                2.0270957916975023,
                2.01756831407547,
                2.0076323211193086,
                2.0091904222965242,
                2.007168447971344,
                1.9923354387283325,
                1.9877496123313905,
                1.9870407611131669,
                1.9848073303699494,
                1.986468368768692,
                1.979246261715889,
                1.9750637382268905,
                1.976924505829811,
                1.9743813127279282,
                1.9677614212036132,
                1.9737359076738357,
                1.9729718327522279
            ],
            "train_losses": [
                2.1428467745115274,
                2.06540348251321,
                2.034716056622671,
                2.0143617931594195,
                1.9980492669972258,
                1.9839099879957671,
                1.9719659500991518,
                1.9597813026857511,
                1.9486762723352156,
                1.9394701043425122,
                1.930119485936613,
                1.9213460364572683,
                1.913040543893124,
                1.9055097734826243,
                1.8982383793915099,
                1.8901487969265365,
                1.8840042030030166,
                1.8774959066314916,
                1.871185344848198,
                1.8657212698901142
            ]
        }
    },
    "256,128": {
        "true": {
            "val_accuracies": [
                0.4062,
                0.4434,
                0.469,
                0.488,
                0.481,
                0.4934,
                0.5008,
                0.5008,
                0.4988,
                0.4986,
                0.5124,
                0.5052,
                0.5044,
                0.5226,
                0.5126,
                0.5188,
                0.509,
                0.5094,
                0.5226,
                0.5132
            ],
            "train_accuracies": [
                0.3657629985754986,
                0.4442886396011396,
                0.4828392094017094,
                0.5098157051282052,
                0.5323851495726496,
                0.5475872507122507,
                0.5637019230769231,
                0.58028400997151,
                0.5905671296296297,
                0.6060808404558404,
                0.6145388176638177,
                0.6234642094017094,
                0.6333244301994302,
                0.6446314102564102,
                0.6508190883190883,
                0.6601228632478633,
                0.6685585826210826,
                0.6755475427350427,
                0.6788639601139601,
                0.6900151353276354
            ],
            "val_losses": [
                2.0732999473810194,
                2.031501492857933,
                2.0016304045915603,
                1.9846103757619857,
                1.9839768886566163,
                1.978140690922737,
                1.9682261914014816,
                1.9622090280056,
                1.9629255831241608,
                1.9635943114757537,
                1.9494110822677613,
                1.9590295165777207,
                1.9513825327157974,
                1.941729438304901,
                1.9469018042087556,
                1.948517581820488,
                1.9506461054086686,
                1.948803749680519,
                1.9426305770874024,
                1.9449052125215531
            ],